[
  {
    "model": "auth.permission",
    "pk": 1,
    "fields": {
      "name": "Can add log entry",
      "content_type": 1,
      "codename": "add_logentry"
    }
  },
  {
    "model": "auth.permission",
    "pk": 2,
    "fields": {
      "name": "Can change log entry",
      "content_type": 1,
      "codename": "change_logentry"
    }
  },
  {
    "model": "auth.permission",
    "pk": 3,
    "fields": {
      "name": "Can delete log entry",
      "content_type": 1,
      "codename": "delete_logentry"
    }
  },
  {
    "model": "auth.permission",
    "pk": 4,
    "fields": {
      "name": "Can view log entry",
      "content_type": 1,
      "codename": "view_logentry"
    }
  },
  {
    "model": "auth.permission",
    "pk": 5,
    "fields": {
      "name": "Can add permission",
      "content_type": 2,
      "codename": "add_permission"
    }
  },
  {
    "model": "auth.permission",
    "pk": 6,
    "fields": {
      "name": "Can change permission",
      "content_type": 2,
      "codename": "change_permission"
    }
  },
  {
    "model": "auth.permission",
    "pk": 7,
    "fields": {
      "name": "Can delete permission",
      "content_type": 2,
      "codename": "delete_permission"
    }
  },
  {
    "model": "auth.permission",
    "pk": 8,
    "fields": {
      "name": "Can view permission",
      "content_type": 2,
      "codename": "view_permission"
    }
  },
  {
    "model": "auth.permission",
    "pk": 9,
    "fields": {
      "name": "Can add group",
      "content_type": 3,
      "codename": "add_group"
    }
  },
  {
    "model": "auth.permission",
    "pk": 10,
    "fields": {
      "name": "Can change group",
      "content_type": 3,
      "codename": "change_group"
    }
  },
  {
    "model": "auth.permission",
    "pk": 11,
    "fields": {
      "name": "Can delete group",
      "content_type": 3,
      "codename": "delete_group"
    }
  },
  {
    "model": "auth.permission",
    "pk": 12,
    "fields": {
      "name": "Can view group",
      "content_type": 3,
      "codename": "view_group"
    }
  },
  {
    "model": "auth.permission",
    "pk": 13,
    "fields": {
      "name": "Can add content type",
      "content_type": 4,
      "codename": "add_contenttype"
    }
  },
  {
    "model": "auth.permission",
    "pk": 14,
    "fields": {
      "name": "Can change content type",
      "content_type": 4,
      "codename": "change_contenttype"
    }
  },
  {
    "model": "auth.permission",
    "pk": 15,
    "fields": {
      "name": "Can delete content type",
      "content_type": 4,
      "codename": "delete_contenttype"
    }
  },
  {
    "model": "auth.permission",
    "pk": 16,
    "fields": {
      "name": "Can view content type",
      "content_type": 4,
      "codename": "view_contenttype"
    }
  },
  {
    "model": "auth.permission",
    "pk": 17,
    "fields": {
      "name": "Can add session",
      "content_type": 5,
      "codename": "add_session"
    }
  },
  {
    "model": "auth.permission",
    "pk": 18,
    "fields": {
      "name": "Can change session",
      "content_type": 5,
      "codename": "change_session"
    }
  },
  {
    "model": "auth.permission",
    "pk": 19,
    "fields": {
      "name": "Can delete session",
      "content_type": 5,
      "codename": "delete_session"
    }
  },
  {
    "model": "auth.permission",
    "pk": 20,
    "fields": {
      "name": "Can view session",
      "content_type": 5,
      "codename": "view_session"
    }
  },
  {
    "model": "auth.permission",
    "pk": 21,
    "fields": {
      "name": "Can add user",
      "content_type": 6,
      "codename": "add_user"
    }
  },
  {
    "model": "auth.permission",
    "pk": 22,
    "fields": {
      "name": "Can change user",
      "content_type": 6,
      "codename": "change_user"
    }
  },
  {
    "model": "auth.permission",
    "pk": 23,
    "fields": {
      "name": "Can delete user",
      "content_type": 6,
      "codename": "delete_user"
    }
  },
  {
    "model": "auth.permission",
    "pk": 24,
    "fields": {
      "name": "Can view user",
      "content_type": 6,
      "codename": "view_user"
    }
  },
  {
    "model": "auth.permission",
    "pk": 25,
    "fields": {
      "name": "Can add redirection",
      "content_type": 7,
      "codename": "add_redirection"
    }
  },
  {
    "model": "auth.permission",
    "pk": 26,
    "fields": {
      "name": "Can change redirection",
      "content_type": 7,
      "codename": "change_redirection"
    }
  },
  {
    "model": "auth.permission",
    "pk": 27,
    "fields": {
      "name": "Can delete redirection",
      "content_type": 7,
      "codename": "delete_redirection"
    }
  },
  {
    "model": "auth.permission",
    "pk": 28,
    "fields": {
      "name": "Can view redirection",
      "content_type": 7,
      "codename": "view_redirection"
    }
  },
  {
    "model": "auth.permission",
    "pk": 29,
    "fields": {
      "name": "Can add page",
      "content_type": 8,
      "codename": "add_page"
    }
  },
  {
    "model": "auth.permission",
    "pk": 30,
    "fields": {
      "name": "Can change page",
      "content_type": 8,
      "codename": "change_page"
    }
  },
  {
    "model": "auth.permission",
    "pk": 31,
    "fields": {
      "name": "Can delete page",
      "content_type": 8,
      "codename": "delete_page"
    }
  },
  {
    "model": "auth.permission",
    "pk": 32,
    "fields": {
      "name": "Can view page",
      "content_type": 8,
      "codename": "view_page"
    }
  },
  {
    "model": "contenttypes.contenttype",
    "pk": 1,
    "fields": {
      "app_label": "admin",
      "model": "logentry"
    }
  },
  {
    "model": "contenttypes.contenttype",
    "pk": 2,
    "fields": {
      "app_label": "auth",
      "model": "permission"
    }
  },
  {
    "model": "contenttypes.contenttype",
    "pk": 3,
    "fields": {
      "app_label": "auth",
      "model": "group"
    }
  },
  {
    "model": "contenttypes.contenttype",
    "pk": 4,
    "fields": {
      "app_label": "contenttypes",
      "model": "contenttype"
    }
  },
  {
    "model": "contenttypes.contenttype",
    "pk": 5,
    "fields": {
      "app_label": "sessions",
      "model": "session"
    }
  },
  {
    "model": "contenttypes.contenttype",
    "pk": 6,
    "fields": {
      "app_label": "user",
      "model": "user"
    }
  },
  {
    "model": "sessions.session",
    "pk": "fux8hiz4vhlu22xinm2p2wydmvz41r8l",
    "fields": {
      "session_data": ".eJxVjEEOwiAQRe_C2hBkpIBL956hmRkGqRpISrsy3l2bdKHb_977LzXiupRx7TKPU1JnBerwuxHyQ-oG0h3rrWludZkn0puid9r1tSV5Xnb376BgL98axSFYb1AoZ6HgTxSsCciJgTIQDQDHaL0VkRAhZjbRCaJxGZlhUO8PFNU5HA:1rV9IP:bjwmx8nibk1b2pdJbbVTn-MeI3SMID-oSxtg4jmudpg",
      "expire_date": "2024-02-14T12:02:25.707Z"
    }
  },
  {
    "model": "user.user",
    "pk": 1,
    "fields": {
      "password": "pbkdf2_sha256$390000$VDMGCXpVBeTW50ukFSu1Bv$DZe0dlPY/dm4S21XdhfSYhs5bZkA0JDLcwEMWL729/o=",
      "last_login": "2024-01-31T12:02:05.978Z",
      "is_superuser": true,
      "username": "",
      "first_name": "",
      "last_name": "",
      "is_staff": true,
      "is_active": true,
      "date_joined": "2024-01-31T11:17:09.244Z",
      "email": "admin@admin.com",
      "groups": [],
      "user_permissions": []
    }
  },
  {
    "model": "user.user",
    "pk": 2,
    "fields": {
      "password": "pbkdf2_sha256$390000$Io7Bg01cE5jkc6quSngdUl$f0Vvo3KxdCZXxYr5pGWPQuXPIoSrrmvRZiI2f5H57NM=",
      "last_login": "2024-01-31T11:30:24.389Z",
      "is_superuser": false,
      "username": "user",
      "first_name": "",
      "last_name": "",
      "is_staff": false,
      "is_active": true,
      "date_joined": "2024-01-31T11:30:24.268Z",
      "email": "uer@user.com",
      "groups": [],
      "user_permissions": []
    }
  },
  {
    "model": "user.user",
    "pk": 3,
    "fields": {
      "password": "pbkdf2_sha256$390000$o3KyvCRySXXAAAo3R0WUWJ$hlv4pcMtAj70yU3DL2DZZaoDFbJW7clgrnZY73txAEQ=",
      "last_login": "2024-01-31T12:02:25.702Z",
      "is_superuser": false,
      "username": "naiv",
      "first_name": "Nazar",
      "last_name": "Ivankiv",
      "is_staff": false,
      "is_active": true,
      "date_joined": "2024-01-31T11:31:36.075Z",
      "email": "user1@user.com",
      "groups": [],
      "user_permissions": []
    }
  },
  {
    "model": "vpn_service.page",
    "pk": 1,
    "fields": {
      "original_url": "https://www.google.com/",
      "title": "Google",
      "user": 3
    }
  },
  {
    "model": "vpn_service.page",
    "pk": 4,
    "fields": {
      "original_url": "https://www.facebook.com/",
      "title": "Facebook",
      "user": 3
    }
  },
  {
    "model": "vpn_service.page",
    "pk": 7,
    "fields": {
      "original_url": "https://djinni.co/my/dashboard/",
      "title": "Djinni",
      "user": 3
    }
  },
  {
    "model": "vpn_service.page",
    "pk": 8,
    "fields": {
      "original_url": "https://www.linkedin.com/",
      "title": "linkedin",
      "user": 3
    }
  },
  {
    "model": "vpn_service.page",
    "pk": 10,
    "fields": {
      "original_url": "https://en.wikipedia.org/wiki/Main_Page",
      "title": "Wikipedia",
      "user": 3
    }
  },
  {
    "model": "vpn_service.redirection",
    "pk": 1,
    "fields": {
      "page": null,
      "datetime": "2024-01-31T18:42:27.665Z",
      "uploaded_data": "48.00",
      "downloaded_data": "48.00",
      "route": "/"
    }
  },
  {
    "model": "vpn_service.redirection",
    "pk": 2,
    "fields": {
      "page": 7,
      "datetime": "2024-02-01T12:46:25.055Z",
      "uploaded_data": "48.00",
      "downloaded_data": "3072.00",
      "route": ""
    }
  },
  {
    "model": "vpn_service.redirection",
    "pk": 3,
    "fields": {
      "page": 7,
      "datetime": "2024-02-01T12:46:39.689Z",
      "uploaded_data": "48.00",
      "downloaded_data": "48.00",
      "route": ""
    }
  },
  {
    "model": "vpn_service.redirection",
    "pk": 4,
    "fields": {
      "page": 10,
      "datetime": "2024-02-01T13:00:55.400Z",
      "uploaded_data": "48.00",
      "downloaded_data": "48.00",
      "route": ""
    }
  },
  {
    "model": "vpn_service.redirection",
    "pk": 5,
    "fields": {
      "page": 10,
      "datetime": "2024-02-01T13:01:06.732Z",
      "uploaded_data": "48.00",
      "downloaded_data": "48.00",
      "route": "/wiki/Wikipedia:Contents"
    }
  },
  {
    "model": "vpn_service.redirection",
    "pk": 6,
    "fields": {
      "page": 10,
      "datetime": "2024-02-01T13:01:26.601Z",
      "uploaded_data": "48.00",
      "downloaded_data": "48.00",
      "route": "/wiki/Special:RecentChanges"
    }
  },
  {
    "model": "vpn_service.redirection",
    "pk": 7,
    "fields": {
      "page": 10,
      "datetime": "2024-02-01T13:01:42.592Z",
      "uploaded_data": "48.00",
      "downloaded_data": "48.00",
      "route": "/wiki/Special:SpecialPages"
    }
  },
  {
    "model": "vpn_service.redirection",
    "pk": 8,
    "fields": {
      "page": 10,
      "datetime": "2024-02-01T13:01:47.302Z",
      "uploaded_data": "48.00",
      "downloaded_data": "48.00",
      "route": "/wiki/Special:LintErrors"
    }
  },
  {
    "model": "vpn_service.redirection",
    "pk": 9,
    "fields": {
      "page": 10,
      "datetime": "2024-02-01T13:05:08.468Z",
      "uploaded_data": "48.00",
      "downloaded_data": "48.00",
      "route": ""
    }
  },
  {
    "model": "vpn_service.redirection",
    "pk": 10,
    "fields": {
      "page": 10,
      "datetime": "2024-02-01T13:05:56.438Z",
      "uploaded_data": "48.00",
      "downloaded_data": "48.00",
      "route": ""
    }
  },
  {
    "model": "vpn_service.redirection",
    "pk": 11,
    "fields": {
      "page": 10,
      "datetime": "2024-02-01T13:06:04.303Z",
      "uploaded_data": "48.00",
      "downloaded_data": "48.00",
      "route": "/wiki/Philosophy"
    }
  },
  {
    "model": "vpn_service.redirection",
    "pk": 12,
    "fields": {
      "page": 10,
      "datetime": "2024-02-01T13:06:09.593Z",
      "uploaded_data": "48.00",
      "downloaded_data": "48.00",
      "route": "/wiki/Philosophy#bodyContent"
    }
  },
  {
    "model": "vpn_service.redirection",
    "pk": 13,
    "fields": {
      "page": 10,
      "datetime": "2024-02-01T13:08:43.731Z",
      "uploaded_data": "48.00",
      "downloaded_data": "48.00",
      "route": ""
    }
  },
  {
    "model": "vpn_service.redirection",
    "pk": 14,
    "fields": {
      "page": 10,
      "datetime": "2024-02-01T13:08:44.135Z",
      "uploaded_data": "48.00",
      "downloaded_data": "48.00",
      "route": "/w/load.php?lang=en&modules=codex-search-styles%7Cext.uls.interlanguage%7Cext.visualEditor.desktopArticleTarget.noscript%7Cext.wikimediaBadges%7Cskins.vector.icons%2Cstyles&only=styles&skin=vector-2022"
    }
  },
  {
    "model": "vpn_service.redirection",
    "pk": 15,
    "fields": {
      "page": 10,
      "datetime": "2024-02-01T13:08:44.145Z",
      "uploaded_data": "48.00",
      "downloaded_data": "48.00",
      "route": "/static/images/mobile/copyright/wikipedia-wordmark-en.svg"
    }
  },
  {
    "model": "vpn_service.redirection",
    "pk": 16,
    "fields": {
      "page": 10,
      "datetime": "2024-02-01T13:08:44.171Z",
      "uploaded_data": "48.00",
      "downloaded_data": "48.00",
      "route": "/w/load.php?lang=en&modules=startup&only=scripts&raw=1&skin=vector-2022"
    }
  },
  {
    "model": "vpn_service.redirection",
    "pk": 17,
    "fields": {
      "page": 10,
      "datetime": "2024-02-01T13:08:44.181Z",
      "uploaded_data": "48.00",
      "downloaded_data": "48.00",
      "route": "/w/load.php?lang=en&modules=site.styles&only=styles&skin=vector-2022"
    }
  },
  {
    "model": "vpn_service.redirection",
    "pk": 18,
    "fields": {
      "page": 10,
      "datetime": "2024-02-01T13:08:44.145Z",
      "uploaded_data": "48.00",
      "downloaded_data": "48.00",
      "route": "/static/images/mobile/copyright/wikipedia-tagline-en.svg"
    }
  },
  {
    "model": "vpn_service.redirection",
    "pk": 19,
    "fields": {
      "page": 10,
      "datetime": "2024-02-01T13:08:46.376Z",
      "uploaded_data": "48.00",
      "downloaded_data": "48.00",
      "route": "/static/images/icons/wikipedia.png"
    }
  },
  {
    "model": "vpn_service.redirection",
    "pk": 20,
    "fields": {
      "page": 10,
      "datetime": "2024-02-01T13:10:41.683Z",
      "uploaded_data": "48.00",
      "downloaded_data": "48.00",
      "route": "/wiki/Template_talk:Did_you_know"
    }
  },
  {
    "model": "vpn_service.redirection",
    "pk": 21,
    "fields": {
      "page": 10,
      "datetime": "2024-02-01T13:10:43.201Z",
      "uploaded_data": "48.00",
      "downloaded_data": "48.00",
      "route": "/w/load.php?lang=en&modules=site.styles&only=styles&skin=vector-2022"
    }
  },
  {
    "model": "vpn_service.redirection",
    "pk": 22,
    "fields": {
      "page": 10,
      "datetime": "2024-02-01T13:10:43.211Z",
      "uploaded_data": "48.00",
      "downloaded_data": "48.00",
      "route": "/static/images/mobile/copyright/wikipedia-wordmark-en.svg"
    }
  },
  {
    "model": "vpn_service.redirection",
    "pk": 23,
    "fields": {
      "page": 10,
      "datetime": "2024-02-01T13:10:43.256Z",
      "uploaded_data": "48.00",
      "downloaded_data": "48.00",
      "route": "/static/images/icons/wikipedia.png"
    }
  },
  {
    "model": "vpn_service.redirection",
    "pk": 24,
    "fields": {
      "page": 10,
      "datetime": "2024-02-01T13:10:43.269Z",
      "uploaded_data": "48.00",
      "downloaded_data": "48.00",
      "route": "/static/images/mobile/copyright/wikipedia-tagline-en.svg"
    }
  },
  {
    "model": "vpn_service.redirection",
    "pk": 25,
    "fields": {
      "page": 10,
      "datetime": "2024-02-01T13:10:43.273Z",
      "uploaded_data": "48.00",
      "downloaded_data": "48.00",
      "route": "/w/load.php?lang=en&modules=startup&only=scripts&raw=1&skin=vector-2022"
    }
  },
  {
    "model": "vpn_service.redirection",
    "pk": 26,
    "fields": {
      "page": 10,
      "datetime": "2024-02-01T13:10:43.293Z",
      "uploaded_data": "48.00",
      "downloaded_data": "48.00",
      "route": "/w/load.php?lang=en&modules=codex-search-styles%7Cext.cite.styles%7Cext.discussionTools.init.styles%7Cext.inputBox.styles%7Cext.uls.interlanguage%7Cext.visualEditor.desktopArticleTarget.noscript%7Cext.wikimediaBadges%7Cjquery.makeCollapsible.styles%7Cmediawiki.ui.button%2Ccheckbox%2Cinput%7Cmediawiki.widgets.styles%7Coojs-ui-core.icons%2Cstyles%7Coojs-ui.styles.indicators%7Cskins.vector.icons%2Cstyles&only=styles&skin=vector-2022"
    }
  },
  {
    "model": "vpn_service.redirection",
    "pk": 27,
    "fields": {
      "page": 10,
      "datetime": "2024-02-01T13:10:43.669Z",
      "uploaded_data": "48.00",
      "downloaded_data": "48.00",
      "route": "/w/load.php?lang=en&modules=site.styles&only=styles&skin=vector-2022"
    }
  },
  {
    "model": "vpn_service.redirection",
    "pk": 28,
    "fields": {
      "page": 10,
      "datetime": "2024-02-01T13:10:55.730Z",
      "uploaded_data": "48.00",
      "downloaded_data": "48.00",
      "route": "/wiki/Special:PermanentLink/968228818#subsectioning_to_make_it_easier_to_see"
    }
  },
  {
    "model": "vpn_service.redirection",
    "pk": 29,
    "fields": {
      "page": 10,
      "datetime": "2024-02-01T13:10:56.559Z",
      "uploaded_data": "48.00",
      "downloaded_data": "48.00",
      "route": "/w/load.php?lang=en&modules=site.styles&only=styles&skin=vector-2022"
    }
  },
  {
    "model": "vpn_service.redirection",
    "pk": 30,
    "fields": {
      "page": 10,
      "datetime": "2024-02-01T13:10:56.579Z",
      "uploaded_data": "48.00",
      "downloaded_data": "48.00",
      "route": "/static/images/mobile/copyright/wikipedia-wordmark-en.svg"
    }
  },
  {
    "model": "vpn_service.redirection",
    "pk": 31,
    "fields": {
      "page": 10,
      "datetime": "2024-02-01T13:10:56.588Z",
      "uploaded_data": "48.00",
      "downloaded_data": "48.00",
      "route": "/static/images/mobile/copyright/wikipedia-tagline-en.svg"
    }
  },
  {
    "model": "vpn_service.redirection",
    "pk": 32,
    "fields": {
      "page": 10,
      "datetime": "2024-02-01T13:10:56.595Z",
      "uploaded_data": "48.00",
      "downloaded_data": "48.00",
      "route": "/static/images/icons/wikipedia.png"
    }
  },
  {
    "model": "vpn_service.redirection",
    "pk": 33,
    "fields": {
      "page": 10,
      "datetime": "2024-02-01T13:10:56.625Z",
      "uploaded_data": "48.00",
      "downloaded_data": "48.00",
      "route": "/w/load.php?lang=en&modules=startup&only=scripts&raw=1&skin=vector-2022"
    }
  },
  {
    "model": "vpn_service.redirection",
    "pk": 34,
    "fields": {
      "page": 10,
      "datetime": "2024-02-01T13:10:56.781Z",
      "uploaded_data": "48.00",
      "downloaded_data": "48.00",
      "route": "/w/load.php?lang=en&modules=codex-search-styles%7Cext.discussionTools.init.styles%7Cext.uls.interlanguage%7Cext.visualEditor.desktopArticleTarget.noscript%7Cext.wikimediaBadges%7Cmediawiki.action.styles%7Cmediawiki.interface.helpers.styles%7Cskins.vector.icons%2Cstyles&only=styles&skin=vector-2022"
    }
  },
  {
    "model": "vpn_service.redirection",
    "pk": 35,
    "fields": {
      "page": 10,
      "datetime": "2024-02-01T13:10:57.005Z",
      "uploaded_data": "48.00",
      "downloaded_data": "48.00",
      "route": "/w/load.php?lang=en&modules=site.styles&only=styles&skin=vector-2022"
    }
  },
  {
    "model": "vpn_service.redirection",
    "pk": 36,
    "fields": {
      "page": 10,
      "datetime": "2024-02-01T13:13:23.288Z",
      "uploaded_data": "48.00",
      "downloaded_data": "48.00",
      "route": ""
    }
  },
  {
    "model": "vpn_service.redirection",
    "pk": 37,
    "fields": {
      "page": 7,
      "datetime": "2024-02-01T13:14:11.416Z",
      "uploaded_data": "48.00",
      "downloaded_data": "48.00",
      "route": ""
    }
  },
  {
    "model": "vpn_service.redirection",
    "pk": 38,
    "fields": {
      "page": null,
      "datetime": "2024-02-01T13:14:17.685Z",
      "uploaded_data": "48.00",
      "downloaded_data": "48.00",
      "route": ""
    }
  },
  {
    "model": "vpn_service.redirection",
    "pk": 39,
    "fields": {
      "page": null,
      "datetime": "2024-02-01T13:16:49.068Z",
      "uploaded_data": "48.00",
      "downloaded_data": "48.00",
      "route": ""
    }
  },
  {
    "model": "vpn_service.redirection",
    "pk": 40,
    "fields": {
      "page": 4,
      "datetime": "2024-02-01T13:16:54.126Z",
      "uploaded_data": "48.00",
      "downloaded_data": "48.00",
      "route": ""
    }
  },
  {
    "model": "vpn_service.redirection",
    "pk": 41,
    "fields": {
      "page": 1,
      "datetime": "2024-02-01T13:17:01.322Z",
      "uploaded_data": "48.00",
      "downloaded_data": "48.00",
      "route": ""
    }
  },
  {
    "model": "vpn_service.redirection",
    "pk": 42,
    "fields": {
      "page": 10,
      "datetime": "2024-02-01T13:18:25.828Z",
      "uploaded_data": "48.00",
      "downloaded_data": "48.00",
      "route": ""
    }
  },
  {
    "model": "vpn_service.redirection",
    "pk": 43,
    "fields": {
      "page": 10,
      "datetime": "2024-02-01T13:24:36.281Z",
      "uploaded_data": "48.00",
      "downloaded_data": "48.00",
      "route": "/wiki/Menas_of_Ethiopia"
    }
  },
  {
    "model": "vpn_service.redirection",
    "pk": 44,
    "fields": {
      "page": 10,
      "datetime": "2024-02-01T13:26:49.657Z",
      "uploaded_data": "48.00",
      "downloaded_data": "48.00",
      "route": ""
    }
  },
  {
    "model": "vpn_service.redirection",
    "pk": 45,
    "fields": {
      "page": null,
      "datetime": "2024-02-01T13:27:08.879Z",
      "uploaded_data": "48.00",
      "downloaded_data": "48.00",
      "route": ""
    }
  },
  {
    "model": "vpn_service.redirection",
    "pk": 46,
    "fields": {
      "page": 1,
      "datetime": "2024-02-01T13:28:14.226Z",
      "uploaded_data": "48.00",
      "downloaded_data": "48.00",
      "route": ""
    }
  },
  {
    "model": "vpn_service.redirection",
    "pk": 47,
    "fields": {
      "page": 4,
      "datetime": "2024-02-01T13:28:17.805Z",
      "uploaded_data": "48.00",
      "downloaded_data": "48.00",
      "route": ""
    }
  },
  {
    "model": "vpn_service.redirection",
    "pk": 48,
    "fields": {
      "page": 1,
      "datetime": "2024-02-01T13:29:43.024Z",
      "uploaded_data": "48.00",
      "downloaded_data": "48.00",
      "route": ""
    }
  },
  {
    "model": "vpn_service.redirection",
    "pk": 49,
    "fields": {
      "page": null,
      "datetime": "2024-02-01T13:29:47.280Z",
      "uploaded_data": "48.00",
      "downloaded_data": "48.00",
      "route": ""
    }
  },
  {
    "model": "vpn_service.redirection",
    "pk": 50,
    "fields": {
      "page": 4,
      "datetime": "2024-02-01T13:29:52.570Z",
      "uploaded_data": "48.00",
      "downloaded_data": "48.00",
      "route": ""
    }
  },
  {
    "model": "vpn_service.redirection",
    "pk": 51,
    "fields": {
      "page": null,
      "datetime": "2024-02-01T13:31:17.996Z",
      "uploaded_data": "48.00",
      "downloaded_data": "48.00",
      "route": ""
    }
  },
  {
    "model": "vpn_service.redirection",
    "pk": 52,
    "fields": {
      "page": null,
      "datetime": "2024-02-01T13:31:18.303Z",
      "uploaded_data": "48.00",
      "downloaded_data": "48.00",
      "route": "css/app.css"
    }
  },
  {
    "model": "vpn_service.redirection",
    "pk": 53,
    "fields": {
      "page": null,
      "datetime": "2024-02-01T13:31:18.755Z",
      "uploaded_data": "48.00",
      "downloaded_data": "48.00",
      "route": "js/app.js"
    }
  },
  {
    "model": "vpn_service.redirection",
    "pk": 54,
    "fields": {
      "page": 8,
      "datetime": "2024-02-01T13:31:41.802Z",
      "uploaded_data": "48.00",
      "downloaded_data": "48.00",
      "route": ""
    }
  },
  {
    "model": "vpn_service.redirection",
    "pk": 55,
    "fields": {
      "page": 8,
      "datetime": "2024-02-01T13:31:55.461Z",
      "uploaded_data": "48.00",
      "downloaded_data": "48.00",
      "route": ""
    }
  },
  {
    "model": "vpn_service.redirection",
    "pk": 56,
    "fields": {
      "page": 8,
      "datetime": "2024-02-01T13:32:36.755Z",
      "uploaded_data": "48.00",
      "downloaded_data": "48.00",
      "route": "/?trk=guest_homepage-basic_nav-header-logo"
    }
  },
  {
    "model": "vpn_service.redirection",
    "pk": 57,
    "fields": {
      "page": 10,
      "datetime": "2024-02-01T13:39:31.799Z",
      "uploaded_data": "48.00",
      "downloaded_data": "48.00",
      "route": ""
    }
  },
  {
    "model": "vpn_service.redirection",
    "pk": 58,
    "fields": {
      "page": 10,
      "datetime": "2024-02-01T13:39:35.035Z",
      "uploaded_data": "48.00",
      "downloaded_data": "48.00",
      "route": "/wiki/Wikipedia:Community_portal"
    }
  },
  {
    "model": "vpn_service.redirection",
    "pk": 59,
    "fields": {
      "page": 10,
      "datetime": "2024-02-01T13:40:20.522Z",
      "uploaded_data": "48.00",
      "downloaded_data": "48.00",
      "route": ""
    }
  },
  {
    "model": "vpn_service.redirection",
    "pk": 60,
    "fields": {
      "page": 10,
      "datetime": "2024-02-01T13:40:40.621Z",
      "uploaded_data": "48.00",
      "downloaded_data": "48.00",
      "route": "/wiki/Special:RecentChanges"
    }
  },
  {
    "model": "vpn_service.redirection",
    "pk": 61,
    "fields": {
      "page": 10,
      "datetime": "2024-02-01T13:41:45.421Z",
      "uploaded_data": "48.00",
      "downloaded_data": "48.00",
      "route": "/wiki/Help:Minor_edit"
    }
  },
  {
    "model": "vpn_service.redirection",
    "pk": 62,
    "fields": {
      "page": 10,
      "datetime": "2024-02-01T13:42:22.734Z",
      "uploaded_data": "48.00",
      "downloaded_data": "48.00",
      "route": ""
    }
  },
  {
    "model": "vpn_service.redirection",
    "pk": 63,
    "fields": {
      "page": 10,
      "datetime": "2024-02-01T13:42:24.760Z",
      "uploaded_data": "48.00",
      "downloaded_data": "48.00",
      "route": "/wiki/Help:Introduction"
    }
  },
  {
    "model": "vpn_service.redirection",
    "pk": 64,
    "fields": {
      "page": 10,
      "datetime": "2024-02-01T13:42:56.314Z",
      "uploaded_data": "48.00",
      "downloaded_data": "48.00",
      "route": ""
    }
  },
  {
    "model": "vpn_service.redirection",
    "pk": 65,
    "fields": {
      "page": 10,
      "datetime": "2024-02-01T13:43:00.559Z",
      "uploaded_data": "48.00",
      "downloaded_data": "48.00",
      "route": "wiki/Wikipedia:Community_portal"
    }
  },
  {
    "model": "vpn_service.redirection",
    "pk": 66,
    "fields": {
      "page": 10,
      "datetime": "2024-02-01T13:43:03.737Z",
      "uploaded_data": "48.00",
      "downloaded_data": "48.00",
      "route": "w/index.php?title=Wiki/Wikipedia:Community_portal&action=info"
    }
  },
  {
    "model": "vpn_service.redirection",
    "pk": 67,
    "fields": {
      "page": 10,
      "datetime": "2024-02-01T13:43:06.828Z",
      "uploaded_data": "48.00",
      "downloaded_data": "48.00",
      "route": "wiki/Wikipedia:General_disclaimer"
    }
  },
  {
    "model": "vpn_service.redirection",
    "pk": 68,
    "fields": {
      "page": 10,
      "datetime": "2024-02-01T13:43:22.367Z",
      "uploaded_data": "48.00",
      "downloaded_data": "48.00",
      "route": "wiki/Special:WhatLinksHere/Wiki/Wikipedia:General_disclaimer"
    }
  },
  {
    "model": "vpn_service.redirection",
    "pk": 69,
    "fields": {
      "page": 8,
      "datetime": "2024-02-01T14:02:29.120Z",
      "uploaded_data": "48.00",
      "downloaded_data": "48.00",
      "route": ""
    }
  },
  {
    "model": "vpn_service.redirection",
    "pk": 70,
    "fields": {
      "page": 7,
      "datetime": "2024-02-01T14:02:35.574Z",
      "uploaded_data": "48.00",
      "downloaded_data": "48.00",
      "route": ""
    }
  },
  {
    "model": "vpn_service.redirection",
    "pk": 71,
    "fields": {
      "page": 7,
      "datetime": "2024-02-01T14:08:39.427Z",
      "uploaded_data": "48.00",
      "downloaded_data": "48.00",
      "route": ""
    }
  },
  {
    "model": "vpn_service.redirection",
    "pk": 72,
    "fields": {
      "page": 7,
      "datetime": "2024-02-01T14:09:26.937Z",
      "uploaded_data": "48.00",
      "downloaded_data": "48.00",
      "route": "/my/dashboard/"
    }
  },
  {
    "model": "vpn_service.redirection",
    "pk": 73,
    "fields": {
      "page": 7,
      "datetime": "2024-02-01T14:14:37.675Z",
      "uploaded_data": "48.00",
      "downloaded_data": "48.00",
      "route": ""
    }
  },
  {
    "model": "vpn_service.redirection",
    "pk": 74,
    "fields": {
      "page": 7,
      "datetime": "2024-02-01T14:21:34.878Z",
      "uploaded_data": "48.00",
      "downloaded_data": "48.00",
      "route": ""
    }
  },
  {
    "model": "vpn_service.redirection",
    "pk": 75,
    "fields": {
      "page": 1,
      "datetime": "2024-02-01T14:25:54.858Z",
      "uploaded_data": "48.00",
      "downloaded_data": "48.00",
      "route": ""
    }
  },
  {
    "model": "vpn_service.redirection",
    "pk": 76,
    "fields": {
      "page": 1,
      "datetime": "2024-02-01T14:26:01.834Z",
      "uploaded_data": "48.00",
      "downloaded_data": "48.00",
      "route": "/advanced_search?hl=pl&authuser=0"
    }
  },
  {
    "model": "vpn_service.redirection",
    "pk": 77,
    "fields": {
      "page": 7,
      "datetime": "2024-02-01T14:27:13.666Z",
      "uploaded_data": "48.00",
      "downloaded_data": "48.00",
      "route": ""
    }
  },
  {
    "model": "vpn_service.redirection",
    "pk": 78,
    "fields": {
      "page": 7,
      "datetime": "2024-02-01T14:27:17.622Z",
      "uploaded_data": "48.00",
      "downloaded_data": "48.00",
      "route": "/pricing"
    }
  },
  {
    "model": "vpn_service.redirection",
    "pk": 79,
    "fields": {
      "page": 7,
      "datetime": "2024-02-01T14:27:53.433Z",
      "uploaded_data": "48.00",
      "downloaded_data": "48.00",
      "route": "/"
    }
  },
  {
    "model": "vpn_service.redirection",
    "pk": 80,
    "fields": {
      "page": 7,
      "datetime": "2024-02-01T14:28:04.547Z",
      "uploaded_data": "48.00",
      "downloaded_data": "48.00",
      "route": "/signup?type=candidate&from=landing_international&lang=en"
    }
  },
  {
    "model": "vpn_service.redirection",
    "pk": 81,
    "fields": {
      "page": 7,
      "datetime": "2024-02-01T14:28:04.771Z",
      "uploaded_data": "48.00",
      "downloaded_data": "48.00",
      "route": "/signup?type=candidate&from=landing_international&lang=en"
    }
  },
  {
    "model": "vpn_service.redirection",
    "pk": 82,
    "fields": {
      "page": 7,
      "datetime": "2024-02-01T14:29:46.570Z",
      "uploaded_data": "48.00",
      "downloaded_data": "48.00",
      "route": ""
    }
  },
  {
    "model": "vpn_service.redirection",
    "pk": 83,
    "fields": {
      "page": 7,
      "datetime": "2024-02-01T14:32:14.454Z",
      "uploaded_data": "48.00",
      "downloaded_data": "48.00",
      "route": ""
    }
  },
  {
    "model": "vpn_service.redirection",
    "pk": 84,
    "fields": {
      "page": 7,
      "datetime": "2024-02-01T14:34:15.507Z",
      "uploaded_data": "48.00",
      "downloaded_data": "48.00",
      "route": ""
    }
  },
  {
    "model": "vpn_service.redirection",
    "pk": 85,
    "fields": {
      "page": 7,
      "datetime": "2024-02-01T14:35:03.614Z",
      "uploaded_data": "48.00",
      "downloaded_data": "48.00",
      "route": ""
    }
  },
  {
    "model": "vpn_service.redirection",
    "pk": 86,
    "fields": {
      "page": 7,
      "datetime": "2024-02-01T14:37:41.943Z",
      "uploaded_data": "48.00",
      "downloaded_data": "48.00",
      "route": ""
    }
  },
  {
    "model": "vpn_service.redirection",
    "pk": 87,
    "fields": {
      "page": 7,
      "datetime": "2024-02-01T14:37:57.787Z",
      "uploaded_data": "48.00",
      "downloaded_data": "48.00",
      "route": ""
    }
  },
  {
    "model": "vpn_service.redirection",
    "pk": 88,
    "fields": {
      "page": 7,
      "datetime": "2024-02-01T14:42:29.112Z",
      "uploaded_data": "48.00",
      "downloaded_data": "48.00",
      "route": ""
    }
  },
  {
    "model": "vpn_service.redirection",
    "pk": 89,
    "fields": {
      "page": 7,
      "datetime": "2024-02-01T14:44:37.690Z",
      "uploaded_data": "48.00",
      "downloaded_data": "48.00",
      "route": ""
    }
  },
  {
    "model": "vpn_service.redirection",
    "pk": 90,
    "fields": {
      "page": 7,
      "datetime": "2024-02-01T14:45:15.768Z",
      "uploaded_data": "48.00",
      "downloaded_data": "48.00",
      "route": "/"
    }
  },
  {
    "model": "vpn_service.redirection",
    "pk": 91,
    "fields": {
      "page": 7,
      "datetime": "2024-02-01T14:54:51.081Z",
      "uploaded_data": "48.00",
      "downloaded_data": "48.00",
      "route": ""
    }
  },
  {
    "model": "vpn_service.redirection",
    "pk": 92,
    "fields": {
      "page": 7,
      "datetime": "2024-02-01T14:54:55.496Z",
      "uploaded_data": "48.00",
      "downloaded_data": "48.00",
      "route": ""
    }
  },
  {
    "model": "vpn_service.redirection",
    "pk": 93,
    "fields": {
      "page": 7,
      "datetime": "2024-02-01T14:59:54.570Z",
      "uploaded_data": "48.00",
      "downloaded_data": "48.00",
      "route": ""
    }
  },
  {
    "model": "vpn_service.redirection",
    "pk": 94,
    "fields": {
      "page": 7,
      "datetime": "2024-02-01T14:59:57.742Z",
      "uploaded_data": "48.00",
      "downloaded_data": "48.00",
      "route": "/pricing"
    }
  },
  {
    "model": "vpn_service.redirection",
    "pk": 95,
    "fields": {
      "page": 7,
      "datetime": "2024-02-01T15:00:05.829Z",
      "uploaded_data": "48.00",
      "downloaded_data": "48.00",
      "route": "/"
    }
  },
  {
    "model": "vpn_service.redirection",
    "pk": 96,
    "fields": {
      "page": 7,
      "datetime": "2024-02-01T15:00:47.056Z",
      "uploaded_data": "48.00",
      "downloaded_data": "48.00",
      "route": "/pricing"
    }
  },
  {
    "model": "vpn_service.redirection",
    "pk": 97,
    "fields": {
      "page": 10,
      "datetime": "2024-02-01T15:01:20.504Z",
      "uploaded_data": "48.00",
      "downloaded_data": "48.00",
      "route": ""
    }
  },
  {
    "model": "vpn_service.redirection",
    "pk": 98,
    "fields": {
      "page": 10,
      "datetime": "2024-02-01T15:01:24.076Z",
      "uploaded_data": "48.00",
      "downloaded_data": "48.00",
      "route": "/wiki/Help:Introduction"
    }
  },
  {
    "model": "vpn_service.redirection",
    "pk": 99,
    "fields": {
      "page": 10,
      "datetime": "2024-02-01T15:01:26.561Z",
      "uploaded_data": "48.00",
      "downloaded_data": "48.00",
      "route": "/wiki/Special:Random"
    }
  },
  {
    "model": "vpn_service.redirection",
    "pk": 100,
    "fields": {
      "page": 10,
      "datetime": "2024-02-01T15:01:31.045Z",
      "uploaded_data": "48.00",
      "downloaded_data": "48.00",
      "route": "/wiki/Special:Random"
    }
  },
  {
    "model": "vpn_service.redirection",
    "pk": 101,
    "fields": {
      "page": 10,
      "datetime": "2024-02-01T15:01:33.179Z",
      "uploaded_data": "48.00",
      "downloaded_data": "48.00",
      "route": "/wiki/Special:Random"
    }
  },
  {
    "model": "vpn_service.redirection",
    "pk": 102,
    "fields": {
      "page": 10,
      "datetime": "2024-02-01T15:01:34.842Z",
      "uploaded_data": "48.00",
      "downloaded_data": "48.00",
      "route": "/wiki/Special:Random"
    }
  },
  {
    "model": "vpn_service.redirection",
    "pk": 103,
    "fields": {
      "page": 1,
      "datetime": "2024-02-01T15:01:42.498Z",
      "uploaded_data": "48.00",
      "downloaded_data": "48.00",
      "route": ""
    }
  },
  {
    "model": "vpn_service.redirection",
    "pk": 104,
    "fields": {
      "page": 1,
      "datetime": "2024-02-01T15:02:03.774Z",
      "uploaded_data": "48.00",
      "downloaded_data": "48.00",
      "route": "/intl/pl/ads/"
    }
  },
  {
    "model": "vpn_service.redirection",
    "pk": 105,
    "fields": {
      "page": 1,
      "datetime": "2024-02-01T15:02:08.433Z",
      "uploaded_data": "48.00",
      "downloaded_data": "48.00",
      "route": ""
    }
  },
  {
    "model": "vpn_service.redirection",
    "pk": 106,
    "fields": {
      "page": null,
      "datetime": "2024-02-01T15:02:11.421Z",
      "uploaded_data": "48.00",
      "downloaded_data": "48.00",
      "route": ""
    }
  },
  {
    "model": "vpn_service.redirection",
    "pk": 107,
    "fields": {
      "page": 1,
      "datetime": "2024-02-01T15:02:18.933Z",
      "uploaded_data": "48.00",
      "downloaded_data": "48.00",
      "route": ""
    }
  },
  {
    "model": "vpn_service.redirection",
    "pk": 108,
    "fields": {
      "page": 4,
      "datetime": "2024-02-01T15:02:23.274Z",
      "uploaded_data": "48.00",
      "downloaded_data": "48.00",
      "route": ""
    }
  },
  {
    "model": "vpn_service.redirection",
    "pk": 109,
    "fields": {
      "page": 7,
      "datetime": "2024-02-01T15:02:27.987Z",
      "uploaded_data": "48.00",
      "downloaded_data": "48.00",
      "route": ""
    }
  },
  {
    "model": "vpn_service.redirection",
    "pk": 110,
    "fields": {
      "page": 8,
      "datetime": "2024-02-01T15:02:33.221Z",
      "uploaded_data": "48.00",
      "downloaded_data": "48.00",
      "route": ""
    }
  },
  {
    "model": "vpn_service.redirection",
    "pk": 111,
    "fields": {
      "page": 8,
      "datetime": "2024-02-01T15:02:45.942Z",
      "uploaded_data": "48.00",
      "downloaded_data": "48.00",
      "route": ""
    }
  },
  {
    "model": "vpn_service.redirection",
    "pk": 112,
    "fields": {
      "page": 10,
      "datetime": "2024-02-01T15:02:49.929Z",
      "uploaded_data": "48.00",
      "downloaded_data": "48.00",
      "route": ""
    }
  }
]
